epoch,train_loss,train_loss_cls,train_loss_iou,train_loss_dfl,train_loss_pose_cls,train_loss_pose_reg,val_loss,val_loss_cls,val_loss_iou,val_loss_dfl,val_loss_pose_cls,val_loss_pose_reg,ap,ar,ap_0.50,ap_0.75,ar_0.50,ar_0.75
0,22.4131,0.1761,1.2191,0.026,0.1243,20.8675,23.3514,0.1284,1.237,0.0251,0.0046,21.9564,0.0,0.0007,0.0002,0.0038,0.0,0.0
1,22.5904,0.1661,1.1282,0.0224,0.0078,21.2659,22.365,0.148,1.1152,0.0194,0.0025,21.0799,0.0018,0.0058,0.0114,0.0226,0.0004,0.0024
2,22.289,0.1649,1.045,0.0195,0.0046,21.0551,21.6558,0.1583,0.9843,0.0174,0.0019,20.494,0.0042,0.0226,0.0167,0.0726,0.0018,0.0118
3,20.3719,0.1844,0.9342,0.018,0.0036,19.2317,18.7567,0.1845,0.8561,0.0163,0.0016,17.6982,0.0229,0.0714,0.077,0.1878,0.0086,0.0469
4,16.1974,0.2352,0.7685,0.016,0.0019,15.1758,14.3879,0.2342,0.7122,0.0145,0.0012,13.4259,0.0717,0.1781,0.1629,0.3347,0.0607,0.1715
5,13.1286,0.2476,0.6588,0.0146,0.0015,12.2062,11.4112,0.2441,0.6074,0.0133,0.001,10.5454,0.1267,0.2694,0.2129,0.4094,0.1262,0.2795
6,11.0968,0.2485,0.5864,0.0143,0.0013,10.2463,9.524,0.2433,0.5393,0.013,0.0008,8.7275,0.1643,0.3307,0.2437,0.4524,0.1726,0.3483
7,9.8023,0.2442,0.5407,0.0141,0.0013,9.002,8.2827,0.2355,0.4823,0.0129,0.0008,7.5512,0.1882,0.3723,0.2561,0.4729,0.1977,0.3892
8,8.909,0.2396,0.5085,0.0141,0.0011,8.1458,7.3657,0.2312,0.4406,0.0129,0.001,6.68,0.2045,0.4011,0.2607,0.4878,0.2138,0.4177
9,8.1149,0.2349,0.481,0.014,0.0012,7.3837,6.7236,0.2268,0.4218,0.013,0.0014,6.0606,0.2198,0.4263,0.273,0.5024,0.2323,0.4469
10,7.3413,0.2394,0.4646,0.014,0.0012,6.6222,6.214,0.2224,0.4112,0.013,0.0012,5.5662,0.2305,0.436,0.2762,0.5021,0.2419,0.4524
11,6.2071,0.2462,0.4501,0.014,0.0012,5.4956,5.1333,0.2327,0.3907,0.013,0.0011,4.4957,0.2431,0.4457,0.286,0.509,0.2522,0.4597
12,5.7122,0.2465,0.4342,0.0141,0.001,5.0165,4.4225,0.2361,0.3781,0.0132,0.0011,3.7941,0.2434,0.4504,0.289,0.5122,0.2518,0.4628
13,5.3341,0.2449,0.4234,0.0142,0.0007,4.6508,4.1221,0.2337,0.3707,0.0133,0.0013,3.5031,0.2491,0.4663,0.2924,0.5267,0.256,0.4792
14,5.0843,0.2439,0.4107,0.0142,0.0009,4.4145,3.9229,0.2322,0.3666,0.0134,0.0013,3.3094,0.248,0.4686,0.2884,0.5243,0.2579,0.4806
15,4.8674,0.2409,0.4017,0.0141,0.0011,4.2096,3.7506,0.2303,0.3601,0.0134,0.0011,3.1456,0.2524,0.4665,0.2922,0.5205,0.2583,0.4736
16,4.6761,0.2388,0.3985,0.0141,0.0011,4.0235,3.6164,0.2337,0.3494,0.0135,0.0012,3.0186,0.2617,0.4727,0.2999,0.5236,0.2698,0.4819
17,4.5512,0.2361,0.3931,0.0141,0.001,3.9069,3.4816,0.2353,0.3411,0.0135,0.0009,2.8907,0.2433,0.4662,0.2797,0.5139,0.2497,0.476
18,4.3734,0.2372,0.3895,0.014,0.0007,3.7319,3.3966,0.2323,0.341,0.0134,0.0009,2.809,0.251,0.4703,0.2869,0.5177,0.254,0.4771
19,4.3121,0.2368,0.3851,0.0141,0.001,3.6751,3.2841,0.2326,0.3369,0.0134,0.001,2.7001,0.2413,0.4701,0.2777,0.5177,0.2453,0.4774
20,4.1566,0.2354,0.383,0.014,0.0012,3.5231,3.2113,0.2338,0.3356,0.0134,0.001,2.6275,0.2458,0.4773,0.2824,0.5233,0.251,0.4837
21,4.0558,0.234,0.3755,0.014,0.001,3.4314,3.1341,0.2293,0.3321,0.0134,0.0011,2.5583,0.2614,0.494,0.2999,0.5403,0.2672,0.5024
22,4.0492,0.2349,0.3715,0.0139,0.0009,3.428,3.0138,0.2334,0.3197,0.0133,0.0009,2.4465,0.2476,0.4813,0.2827,0.5247,0.2509,0.4899
23,3.9436,0.235,0.3718,0.0139,0.0009,3.322,2.9782,0.2323,0.3205,0.0133,0.001,2.4111,0.264,0.495,0.2972,0.5378,0.2708,0.5038
24,3.7523,0.234,0.362,0.0138,0.0006,3.1419,2.9243,0.2309,0.317,0.0132,0.001,2.3622,0.2676,0.4925,0.3001,0.5351,0.2735,0.5
25,3.703,0.2339,0.3623,0.0138,0.0009,3.092,2.8737,0.2333,0.3115,0.0132,0.0011,2.3145,0.2692,0.4936,0.3003,0.5351,0.2753,0.5003
26,3.7375,0.2336,0.3611,0.0138,0.0008,3.1281,2.8051,0.2331,0.3117,0.0132,0.0012,2.246,0.2786,0.4985,0.3085,0.5375,0.2833,0.5063
27,3.6048,0.2352,0.3553,0.0138,0.001,2.9995,2.7798,0.233,0.3077,0.0132,0.0011,2.2248,0.2776,0.4965,0.3097,0.5368,0.2835,0.5028
28,3.5353,0.2331,0.3551,0.0138,0.0009,2.9323,2.6879,0.236,0.3092,0.0132,0.0011,2.1284,0.2828,0.5035,0.3159,0.5403,0.2903,0.5108
29,3.5281,0.2337,0.3547,0.0136,0.0011,2.9249,2.6969,0.2317,0.3125,0.0131,0.001,2.1387,0.2824,0.5117,0.3176,0.551,0.285,0.5184
30,3.425,0.2313,0.3494,0.0137,0.0011,2.8295,2.6566,0.2316,0.3082,0.0131,0.0009,2.1029,0.2881,0.5076,0.3213,0.5472,0.2942,0.5135
31,3.5192,0.2337,0.3561,0.0137,0.0009,2.9149,2.5993,0.2335,0.3011,0.0131,0.001,2.0506,0.2848,0.5006,0.3142,0.5382,0.2875,0.508
32,3.3332,0.2355,0.3467,0.0136,0.0007,2.7367,2.5939,0.2348,0.3011,0.013,0.001,2.044,0.2805,0.5014,0.309,0.5382,0.2835,0.5097
33,3.2443,0.2309,0.3417,0.0136,0.0008,2.6574,2.5042,0.2316,0.2968,0.0129,0.0011,1.9618,0.2941,0.5175,0.3269,0.5545,0.2988,0.5236
34,3.2663,0.2331,0.3437,0.0135,0.0009,2.6751,2.4958,0.2319,0.2949,0.0129,0.001,1.9551,0.2833,0.508,0.315,0.5455,0.2878,0.5135
35,3.2216,0.232,0.3434,0.0135,0.0008,2.6319,2.5067,0.235,0.2935,0.0129,0.0011,1.9641,0.2702,0.4993,0.301,0.5368,0.2744,0.5042
36,3.1977,0.2315,0.3386,0.0134,0.001,2.6132,2.4761,0.2352,0.2952,0.0128,0.0011,1.9319,0.2656,0.4898,0.2931,0.5229,0.269,0.4969
37,3.2113,0.2335,0.3369,0.0135,0.0011,2.6264,2.4605,0.2378,0.2933,0.0128,0.001,1.9155,0.2521,0.4842,0.2775,0.516,0.2581,0.4906
38,3.0834,0.2321,0.3354,0.0134,0.0008,2.5018,2.4251,0.2352,0.2862,0.0128,0.0009,1.8901,0.2705,0.4982,0.2956,0.5295,0.2754,0.5042
39,3.0902,0.2329,0.3353,0.0133,0.0009,2.5077,2.3918,0.2357,0.2849,0.0128,0.0009,1.8574,0.2725,0.5002,0.3001,0.5333,0.2745,0.5059
40,3.0918,0.2354,0.3351,0.0134,0.0009,2.5071,2.4249,0.2365,0.2891,0.0128,0.0009,1.8857,0.2704,0.5001,0.2977,0.5312,0.2732,0.5059
41,3.1522,0.2331,0.3354,0.0133,0.001,2.5693,2.3823,0.2334,0.2885,0.0127,0.0009,1.8468,0.2852,0.5028,0.3123,0.5344,0.2872,0.5097
42,2.965,0.2312,0.3279,0.0133,0.0009,2.3917,2.3561,0.2327,0.2829,0.0127,0.0009,1.8269,0.276,0.5117,0.3036,0.5424,0.2789,0.5194
43,3.0417,0.2326,0.332,0.0133,0.0007,2.463,2.3642,0.2352,0.2774,0.0127,0.0008,1.8381,0.2715,0.5036,0.3003,0.5368,0.2786,0.5104
44,3.1108,0.232,0.3342,0.0133,0.0009,2.5304,2.363,0.236,0.283,0.0127,0.0009,1.8304,0.2765,0.5124,0.3068,0.5469,0.2847,0.5208
45,2.8325,0.2328,0.3227,0.0133,0.0009,2.2628,2.3351,0.2349,0.2819,0.0127,0.0011,1.8046,0.2858,0.5226,0.3159,0.5562,0.2867,0.5278
46,2.8463,0.2312,0.3242,0.0132,0.0009,2.2768,2.2797,0.2341,0.2782,0.0126,0.001,1.7539,0.2878,0.5229,0.319,0.5587,0.2898,0.5274
47,2.8425,0.2333,0.3232,0.0132,0.001,2.2718,2.2655,0.2334,0.2795,0.0126,0.0008,1.7392,0.2815,0.5162,0.3098,0.5493,0.2866,0.5215
48,2.8602,0.2334,0.3217,0.0132,0.001,2.2909,2.2854,0.235,0.2754,0.0125,0.0008,1.7617,0.2863,0.5166,0.3192,0.55,0.2915,0.5219
49,2.8686,0.2342,0.3237,0.0133,0.0007,2.2968,2.2517,0.2359,0.275,0.0126,0.0009,1.7273,0.2949,0.5169,0.3238,0.5486,0.3005,0.5222
50,2.7741,0.2352,0.3197,0.0132,0.0009,2.2051,2.2378,0.238,0.2726,0.0126,0.0009,1.7138,0.2775,0.5083,0.3085,0.5403,0.2816,0.5125
51,2.7429,0.2346,0.3188,0.0132,0.0007,2.1756,2.2222,0.2386,0.2759,0.0126,0.0008,1.6944,0.2792,0.5127,0.3079,0.5441,0.2811,0.5177
52,2.6761,0.2336,0.3176,0.0131,0.001,2.1108,2.2082,0.2356,0.2814,0.0125,0.0008,1.678,0.2995,0.5236,0.3297,0.5552,0.3017,0.5281
53,2.6761,0.2356,0.3158,0.0131,0.0009,2.1107,2.1738,0.2369,0.2776,0.0125,0.0008,1.646,0.2868,0.5155,0.3165,0.5462,0.2878,0.5184
54,2.7315,0.2348,0.3168,0.0131,0.0007,2.1661,2.1838,0.2409,0.2717,0.0125,0.0009,1.6578,0.2825,0.5135,0.3117,0.5441,0.2839,0.5191
55,2.7598,0.2335,0.319,0.013,0.0007,2.1937,2.1953,0.2404,0.2689,0.0124,0.0008,1.6728,0.2722,0.5077,0.2988,0.5389,0.2769,0.5104
56,2.693,0.2341,0.3157,0.013,0.0009,2.1293,2.1814,0.2404,0.2646,0.0124,0.0008,1.6631,0.2809,0.5104,0.3108,0.5424,0.2839,0.5132
57,2.6488,0.2354,0.3151,0.013,0.0007,2.0846,2.1758,0.2435,0.2673,0.0124,0.0008,1.6518,0.2791,0.5178,0.3055,0.5483,0.2837,0.5219
58,2.653,0.2365,0.3099,0.0129,0.0008,2.0928,2.1587,0.2448,0.2584,0.0123,0.0008,1.6424,0.2813,0.5166,0.3087,0.5476,0.2857,0.5205
59,2.5746,0.2348,0.3101,0.0129,0.001,2.0157,2.1251,0.2407,0.2614,0.0123,0.0008,1.6099,0.2809,0.518,0.306,0.5483,0.2849,0.5219
60,2.6009,0.235,0.3101,0.0129,0.0008,2.042,2.1342,0.2404,0.2667,0.0123,0.0008,1.6139,0.2775,0.5123,0.3056,0.5424,0.2782,0.5153
61,2.5652,0.2354,0.3106,0.0129,0.0008,2.0056,2.1293,0.2411,0.2681,0.0123,0.0008,1.607,0.2781,0.5159,0.3066,0.5458,0.2791,0.5188
62,2.5551,0.2364,0.3063,0.0128,0.001,1.9987,2.1385,0.24,0.2622,0.0122,0.0009,1.6232,0.2788,0.512,0.3082,0.5413,0.2803,0.516
63,2.5449,0.234,0.3058,0.0129,0.0009,1.9913,2.1189,0.2374,0.2681,0.0122,0.0008,1.6004,0.2892,0.5173,0.3172,0.5469,0.2935,0.5212
64,2.5328,0.2345,0.3053,0.0129,0.0007,1.9794,2.0963,0.2389,0.2602,0.0122,0.0009,1.5841,0.2874,0.5262,0.3193,0.558,0.2864,0.5295
65,2.4628,0.2344,0.3031,0.0128,0.0007,1.9117,2.0746,0.2395,0.2593,0.0122,0.001,1.5626,0.2818,0.5249,0.3104,0.5549,0.2828,0.5292
66,2.6511,0.2332,0.3081,0.0128,0.0008,2.0963,2.1067,0.2413,0.2592,0.0122,0.0011,1.593,0.2709,0.5138,0.3003,0.5455,0.2722,0.5167
67,2.598,0.233,0.3077,0.0127,0.0007,2.0438,2.1577,0.2407,0.2594,0.0122,0.0011,1.6444,0.2675,0.5103,0.298,0.5417,0.2701,0.5153
68,2.4534,0.2355,0.302,0.0127,0.0007,1.9026,2.0878,0.2412,0.2579,0.0121,0.0009,1.5757,0.2773,0.514,0.3071,0.5448,0.2782,0.5184
69,2.3872,0.2377,0.2976,0.0127,0.0008,1.8384,2.055,0.2408,0.2578,0.0122,0.0009,1.5433,0.2751,0.5109,0.3071,0.5406,0.2774,0.5153
70,2.3921,0.2358,0.2991,0.0127,0.0009,1.8436,2.0259,0.2424,0.2564,0.0121,0.001,1.514,0.2858,0.5152,0.3169,0.5455,0.286,0.5177
71,2.497,0.2345,0.3045,0.0127,0.0009,1.9443,2.0677,0.2427,0.2575,0.0121,0.0009,1.5545,0.2771,0.5174,0.3048,0.5472,0.2809,0.5201
72,2.3778,0.2364,0.2978,0.0127,0.0009,1.83,2.0468,0.2448,0.257,0.0121,0.0009,1.532,0.2621,0.5053,0.2893,0.5351,0.2618,0.5076
73,2.4796,0.2379,0.3016,0.0127,0.0007,1.9267,2.0471,0.2468,0.252,0.0121,0.0007,1.5355,0.2706,0.5087,0.2969,0.5392,0.2744,0.5122
74,2.4558,0.2363,0.3006,0.0127,0.0008,1.9055,2.0565,0.2426,0.2579,0.0121,0.001,1.5429,0.2775,0.5052,0.3061,0.5337,0.2777,0.5083
75,2.3979,0.2374,0.3005,0.0126,0.0008,1.8467,2.0695,0.2423,0.2577,0.012,0.0009,1.5566,0.2825,0.5166,0.31,0.5462,0.2878,0.5201
76,2.3543,0.2347,0.3,0.0126,0.0008,1.8063,2.0506,0.239,0.2589,0.0119,0.0008,1.5399,0.2796,0.5175,0.3076,0.5483,0.2833,0.5201
77,2.3433,0.2366,0.2987,0.0126,0.0008,1.7946,2.0042,0.242,0.2532,0.012,0.001,1.4961,0.2782,0.5148,0.3076,0.5437,0.2784,0.5177
78,2.4491,0.2374,0.3022,0.0126,0.0009,1.8959,2.0402,0.245,0.2581,0.012,0.0009,1.5243,0.2685,0.5007,0.2947,0.5295,0.2709,0.5028
79,2.3874,0.2413,0.2995,0.0126,0.001,1.833,2.0351,0.245,0.2555,0.012,0.001,1.5216,0.2809,0.5002,0.3072,0.5295,0.283,0.5028
80,2.3241,0.2407,0.2943,0.0126,0.0009,1.7755,2.0311,0.2447,0.2533,0.012,0.0009,1.5202,0.29,0.5134,0.3201,0.5427,0.2905,0.5156
81,2.3217,0.2405,0.2968,0.0126,0.0009,1.7708,2.0167,0.2459,0.2526,0.012,0.0009,1.5054,0.2837,0.5085,0.3121,0.5382,0.2867,0.5115
82,2.295,0.2397,0.2944,0.0125,0.001,1.7475,1.9943,0.2449,0.2527,0.0119,0.0009,1.4838,0.2956,0.5257,0.3261,0.5545,0.2956,0.5285
83,2.3559,0.2397,0.2956,0.0125,0.0007,1.8075,1.9983,0.2451,0.2499,0.0119,0.0008,1.4906,0.2962,0.5175,0.3251,0.5441,0.2945,0.5198
84,2.2229,0.2393,0.2885,0.0125,0.0008,1.6818,1.9719,0.244,0.249,0.0119,0.0009,1.4661,0.2834,0.5144,0.3123,0.5427,0.2832,0.5174
85,2.2505,0.2387,0.2894,0.0125,0.0009,1.709,1.9469,0.2458,0.2439,0.0119,0.0009,1.4443,0.2751,0.5061,0.3026,0.5333,0.275,0.5087
86,2.3248,0.2403,0.2978,0.0125,0.0009,1.7733,1.986,0.2466,0.2536,0.0119,0.001,1.4728,0.2709,0.4962,0.2981,0.5222,0.2703,0.4993
87,2.3155,0.2403,0.2937,0.0125,0.0007,1.7683,1.9682,0.2449,0.2503,0.0119,0.0009,1.4602,0.2774,0.5014,0.3024,0.5281,0.2797,0.5049
88,2.2176,0.2379,0.2917,0.0124,0.0007,1.6748,1.9674,0.2441,0.248,0.0118,0.0009,1.4626,0.2766,0.5036,0.3059,0.5309,0.2776,0.508
89,2.1961,0.2395,0.2886,0.0124,0.001,1.6546,1.9483,0.2446,0.2467,0.0118,0.001,1.4442,0.2799,0.5086,0.3079,0.5372,0.2835,0.5118
90,2.213,0.2412,0.2865,0.0124,0.0008,1.6721,1.9327,0.2466,0.2487,0.0118,0.0007,1.4248,0.2752,0.5045,0.3037,0.5333,0.276,0.5069
91,2.1661,0.2411,0.2889,0.0125,0.001,1.6226,1.9042,0.2453,0.2493,0.0119,0.0008,1.3969,0.2855,0.504,0.3154,0.5333,0.2852,0.5066
92,2.2204,0.2427,0.2895,0.0125,0.0008,1.6749,1.9206,0.2471,0.2478,0.0119,0.0009,1.4129,0.2759,0.4967,0.302,0.5243,0.2744,0.4986
93,2.1705,0.2431,0.2867,0.0124,0.0007,1.6276,1.9222,0.2469,0.2495,0.0118,0.001,1.4131,0.2793,0.506,0.3071,0.533,0.2788,0.5087
94,2.205,0.2419,0.2866,0.0123,0.0006,1.6635,1.9333,0.2453,0.2462,0.0117,0.0009,1.4291,0.278,0.512,0.3094,0.5403,0.2793,0.5149
95,2.1414,0.2407,0.285,0.0124,0.0008,1.6026,1.9248,0.2488,0.2419,0.0117,0.0009,1.4214,0.2675,0.5024,0.2917,0.5292,0.2692,0.5052
96,2.1495,0.242,0.2843,0.0124,0.0009,1.6099,1.8826,0.2485,0.2445,0.0118,0.0009,1.377,0.275,0.5032,0.3052,0.5302,0.2757,0.5049
97,2.1047,0.2436,0.2835,0.0124,0.0007,1.5646,1.8841,0.249,0.2391,0.0117,0.0009,1.3834,0.285,0.5066,0.314,0.5333,0.283,0.509
98,2.0965,0.242,0.2829,0.0123,0.0008,1.5585,1.8826,0.2479,0.2437,0.0117,0.0008,1.3785,0.291,0.5108,0.3183,0.5372,0.293,0.5128
99,2.1732,0.2409,0.282,0.0123,0.0007,1.6374,1.8622,0.2465,0.2389,0.0117,0.0009,1.3643,0.2858,0.5134,0.3164,0.5413,0.2868,0.516
100,2.1083,0.2397,0.2826,0.0123,0.0009,1.5729,1.9026,0.2441,0.2428,0.0117,0.0008,1.4032,0.2905,0.5139,0.3217,0.542,0.2917,0.516
101,2.0261,0.2412,0.2759,0.0123,0.0009,1.4958,1.8714,0.2461,0.2393,0.0116,0.0009,1.3735,0.2854,0.5144,0.3148,0.5406,0.2859,0.5163
102,2.1114,0.2404,0.2831,0.0123,0.0007,1.5749,1.899,0.2444,0.2418,0.0116,0.0009,1.4003,0.2896,0.5148,0.3192,0.541,0.2897,0.517
103,2.0449,0.2411,0.2781,0.0122,0.001,1.5124,1.8952,0.244,0.2393,0.0116,0.0008,1.3994,0.2938,0.5179,0.3238,0.5455,0.2916,0.5194
104,2.0459,0.2411,0.2788,0.0122,0.001,1.5128,1.8606,0.2458,0.2403,0.0116,0.0008,1.3621,0.2938,0.5179,0.3229,0.5441,0.2921,0.5198
105,2.1172,0.2414,0.2817,0.0123,0.0007,1.581,1.8677,0.2479,0.2404,0.0116,0.0009,1.367,0.2962,0.516,0.3252,0.5417,0.2949,0.5177
106,2.016,0.2422,0.2764,0.0122,0.0006,1.4846,1.8669,0.246,0.2399,0.0116,0.0008,1.3686,0.2973,0.5266,0.3261,0.5528,0.2959,0.5281
107,2.0705,0.2427,0.2785,0.0123,0.0006,1.5365,1.8586,0.2476,0.2344,0.0116,0.001,1.3639,0.2945,0.5217,0.3202,0.5465,0.2961,0.5215
108,2.0482,0.2412,0.2787,0.0122,0.0009,1.5152,1.8554,0.2489,0.2349,0.0116,0.0009,1.3592,0.2854,0.5154,0.3146,0.5413,0.284,0.5149
109,2.0845,0.2444,0.2776,0.0123,0.001,1.5492,1.8588,0.2516,0.2374,0.0116,0.0008,1.3575,0.2805,0.5011,0.308,0.5274,0.2819,0.5021
110,2.0532,0.2446,0.2774,0.0122,0.0007,1.5182,1.8713,0.2499,0.2392,0.0116,0.0008,1.3698,0.2857,0.5045,0.318,0.5312,0.285,0.5052
111,2.0066,0.2463,0.2758,0.0123,0.0007,1.4716,1.847,0.2526,0.234,0.0116,0.0008,1.3481,0.2778,0.5059,0.3056,0.5319,0.2746,0.5052
112,2.0098,0.243,0.275,0.0122,0.0008,1.4787,1.8244,0.2498,0.2345,0.0116,0.0008,1.3277,0.2781,0.5136,0.309,0.5403,0.2778,0.5146
113,2.0153,0.2464,0.2773,0.0122,0.0007,1.4786,1.8275,0.2518,0.2341,0.0116,0.0008,1.3292,0.2896,0.515,0.3208,0.5417,0.2882,0.5156
114,2.04,0.2444,0.2784,0.0122,0.0007,1.5043,1.8327,0.2498,0.2354,0.0116,0.0009,1.335,0.2912,0.5111,0.3179,0.5365,0.2928,0.5125
115,1.9693,0.2456,0.2712,0.0122,0.0007,1.4396,1.8356,0.2512,0.2302,0.0116,0.0008,1.3418,0.2869,0.5091,0.3134,0.5337,0.2886,0.5101
116,1.9716,0.2439,0.2719,0.0122,0.0011,1.4425,1.8114,0.2489,0.2319,0.0116,0.0008,1.3182,0.2861,0.514,0.3108,0.5389,0.2862,0.5139
117,1.9725,0.2451,0.273,0.0122,0.0007,1.4414,1.8362,0.2501,0.2348,0.0116,0.0008,1.339,0.2779,0.5098,0.3046,0.5351,0.2798,0.5108
118,1.9421,0.2469,0.2686,0.0122,0.0007,1.4138,1.7788,0.2553,0.2262,0.0116,0.0009,1.2848,0.2689,0.5047,0.2928,0.5295,0.2687,0.5056
119,1.9905,0.2465,0.2743,0.0122,0.0007,1.4567,1.8228,0.2528,0.2365,0.0116,0.0009,1.3211,0.2679,0.503,0.2912,0.5271,0.2678,0.5042
120,1.978,0.2454,0.2718,0.0121,0.0009,1.4477,1.8173,0.2523,0.2321,0.0115,0.0009,1.3206,0.2734,0.5078,0.2993,0.5337,0.2706,0.5076
121,1.9489,0.2462,0.2716,0.0121,0.0008,1.4182,1.82,0.2541,0.2343,0.0115,0.0008,1.3194,0.2777,0.5115,0.3036,0.5365,0.2785,0.5122
122,1.8701,0.2457,0.2668,0.0121,0.0006,1.3449,1.825,0.2525,0.2321,0.0115,0.001,1.3279,0.2836,0.5132,0.3086,0.5375,0.2839,0.5139
123,1.9376,0.244,0.2708,0.0121,0.0008,1.41,1.8355,0.2505,0.2353,0.0114,0.0008,1.3375,0.2866,0.5141,0.3128,0.5396,0.2867,0.5149
124,1.89,0.2426,0.2671,0.0121,0.0008,1.3674,1.7885,0.2504,0.232,0.0114,0.0008,1.2939,0.2863,0.5124,0.3149,0.5382,0.2868,0.5135
125,1.9132,0.2444,0.2674,0.0121,0.0007,1.3886,1.8188,0.2493,0.2311,0.0114,0.0009,1.3261,0.288,0.5117,0.3161,0.5382,0.2882,0.5118
126,1.8697,0.2448,0.267,0.012,0.0007,1.3453,1.8002,0.249,0.227,0.0114,0.0009,1.3118,0.2917,0.5147,0.327,0.542,0.2906,0.5156
127,1.8806,0.2434,0.2636,0.012,0.0008,1.3609,1.7908,0.2469,0.2314,0.0114,0.0008,1.3002,0.2942,0.5204,0.3264,0.5472,0.2967,0.5226
128,1.8336,0.2436,0.2632,0.012,0.0008,1.314,1.7789,0.2466,0.2264,0.0114,0.0008,1.2938,0.2966,0.5231,0.3273,0.5497,0.2966,0.5233
129,1.9013,0.2443,0.264,0.012,0.0008,1.3802,1.7709,0.2479,0.2256,0.0114,0.0008,1.2852,0.2942,0.5269,0.3256,0.5528,0.2921,0.5271
130,1.8706,0.2445,0.2646,0.012,0.0009,1.3485,1.7706,0.2497,0.2271,0.0114,0.0007,1.2817,0.2916,0.5212,0.3196,0.5462,0.2934,0.5215
131,1.9038,0.2462,0.267,0.012,0.0008,1.3778,1.7766,0.2513,0.2307,0.0114,0.0008,1.2825,0.2893,0.5164,0.3144,0.5392,0.2881,0.5167
132,1.8831,0.2447,0.2651,0.012,0.0007,1.3606,1.7822,0.2503,0.2285,0.0114,0.0009,1.2911,0.2901,0.518,0.3194,0.5413,0.2873,0.5177
133,1.8566,0.246,0.2635,0.0121,0.0008,1.3343,1.7963,0.2494,0.2299,0.0114,0.0008,1.3049,0.2866,0.5159,0.3161,0.5403,0.2849,0.5163
134,1.8499,0.2457,0.2654,0.012,0.0007,1.3261,1.7681,0.2493,0.2306,0.0114,0.0009,1.276,0.2899,0.5194,0.3208,0.5455,0.2868,0.5191
135,1.8342,0.2452,0.2629,0.012,0.0009,1.3132,1.7708,0.2497,0.2307,0.0114,0.0009,1.2781,0.2918,0.5202,0.3214,0.5455,0.2933,0.5208
136,1.8156,0.2454,0.2638,0.012,0.0008,1.2936,1.7561,0.2491,0.2287,0.0114,0.0009,1.2661,0.2981,0.5199,0.3286,0.5455,0.2999,0.5201
137,1.82,0.2464,0.2603,0.012,0.0006,1.3006,1.7331,0.2492,0.2268,0.0114,0.0008,1.2449,0.3027,0.5225,0.332,0.5469,0.3027,0.5226
138,1.8396,0.2464,0.2629,0.012,0.0005,1.3179,1.7797,0.2508,0.2248,0.0114,0.0008,1.2919,0.3008,0.5212,0.3319,0.5462,0.3018,0.5215
139,1.7814,0.2467,0.2598,0.012,0.0009,1.262,1.779,0.2514,0.2254,0.0114,0.0009,1.29,0.2968,0.5209,0.3278,0.5455,0.2967,0.5208
140,1.8312,0.2469,0.2605,0.012,0.0007,1.311,1.7464,0.2512,0.2219,0.0114,0.0008,1.2612,0.2967,0.5185,0.3273,0.5434,0.2937,0.5184
141,1.7775,0.2484,0.2601,0.012,0.0009,1.2561,1.7621,0.2538,0.2235,0.0114,0.0008,1.2727,0.2894,0.5196,0.3211,0.5451,0.2859,0.5194
142,1.7817,0.2477,0.2594,0.012,0.0007,1.2619,1.7388,0.2533,0.2253,0.0114,0.0008,1.248,0.2891,0.5214,0.3182,0.5458,0.2895,0.5208
143,1.7764,0.2469,0.2596,0.012,0.0008,1.2571,1.7558,0.2529,0.2274,0.0114,0.0008,1.2633,0.2897,0.5192,0.32,0.5431,0.286,0.5188
144,1.7894,0.2474,0.259,0.012,0.0008,1.2702,1.7399,0.2527,0.2244,0.0114,0.0008,1.2506,0.2937,0.5222,0.3242,0.5479,0.2939,0.5215
145,1.7791,0.2485,0.2575,0.012,0.001,1.2601,1.7424,0.2529,0.2213,0.0113,0.0007,1.2561,0.2994,0.5205,0.3312,0.5458,0.2952,0.5191
146,1.7418,0.2488,0.254,0.012,0.0008,1.2262,1.7205,0.2531,0.2205,0.0113,0.0008,1.2348,0.2991,0.5215,0.3289,0.5465,0.2996,0.5205
147,1.7328,0.2484,0.2561,0.012,0.0008,1.2156,1.7181,0.2531,0.2183,0.0113,0.0009,1.2345,0.2924,0.5236,0.3198,0.5479,0.2914,0.5226
148,1.7555,0.2484,0.2564,0.012,0.0006,1.2381,1.7265,0.2543,0.2204,0.0114,0.0009,1.2396,0.2861,0.5192,0.3151,0.5431,0.2826,0.5191
149,1.7237,0.2502,0.257,0.012,0.0008,1.2036,1.723,0.2555,0.2188,0.0113,0.0009,1.2364,0.2867,0.5167,0.3126,0.5399,0.2846,0.5156
150,1.7606,0.2484,0.255,0.012,0.0008,1.2445,1.7099,0.2542,0.2196,0.0113,0.0008,1.2239,0.2969,0.5217,0.3267,0.5451,0.2979,0.5215
151,1.7625,0.248,0.2566,0.012,0.0007,1.2451,1.7537,0.2534,0.2236,0.0113,0.0008,1.2647,0.2956,0.5234,0.3245,0.5479,0.2954,0.5236
152,1.7506,0.2477,0.255,0.012,0.0007,1.2352,1.7112,0.2538,0.2202,0.0113,0.0008,1.2251,0.2932,0.5193,0.3236,0.5441,0.2898,0.5188
153,1.7284,0.2495,0.2531,0.0119,0.0007,1.2131,1.7115,0.2528,0.2203,0.0113,0.0008,1.2264,0.2943,0.5229,0.3239,0.5479,0.2937,0.5222
154,1.7091,0.2472,0.2556,0.012,0.0009,1.1935,1.7314,0.2536,0.2225,0.0113,0.0008,1.2432,0.2937,0.5256,0.3271,0.5503,0.2909,0.5243
155,1.7126,0.2481,0.2538,0.012,0.0007,1.1981,1.7317,0.252,0.2249,0.0113,0.0008,1.2426,0.2915,0.523,0.3215,0.5479,0.2913,0.5222
156,1.7036,0.2493,0.2526,0.0119,0.0006,1.1892,1.7241,0.2524,0.2235,0.0113,0.0009,1.2361,0.2938,0.5194,0.3247,0.5434,0.2897,0.5181
157,1.7243,0.249,0.2546,0.0119,0.0009,1.2078,1.7184,0.2524,0.223,0.0113,0.0008,1.231,0.301,0.5255,0.3327,0.5497,0.2972,0.5243
158,1.6979,0.2497,0.2528,0.012,0.0007,1.1827,1.6816,0.2525,0.2232,0.0113,0.0008,1.1938,0.2974,0.5239,0.3272,0.5479,0.2961,0.5229
159,1.7013,0.2489,0.2545,0.012,0.0007,1.1853,1.6976,0.2523,0.2231,0.0113,0.0008,1.2101,0.2936,0.5267,0.3274,0.5521,0.2912,0.5267
160,1.6881,0.2491,0.2505,0.0119,0.0008,1.1758,1.7174,0.2539,0.2204,0.0113,0.0008,1.231,0.2904,0.5245,0.3251,0.55,0.2884,0.524
161,1.6962,0.2484,0.2532,0.012,0.0007,1.1819,1.7063,0.2532,0.2194,0.0113,0.0009,1.2215,0.2927,0.527,0.3255,0.5528,0.2898,0.5271
162,1.6906,0.2485,0.2506,0.0119,0.0008,1.1788,1.7211,0.2523,0.2197,0.0113,0.0008,1.237,0.2931,0.5259,0.3283,0.5521,0.2912,0.5253
163,1.6874,0.2487,0.2541,0.0119,0.0007,1.1718,1.7158,0.2529,0.2212,0.0113,0.0007,1.2296,0.2939,0.5277,0.3268,0.5528,0.2911,0.5274
164,1.6717,0.2496,0.2511,0.0119,0.0006,1.1585,1.6984,0.2536,0.2201,0.0113,0.0008,1.2126,0.2973,0.5275,0.3298,0.5528,0.2944,0.5264
165,1.6608,0.2499,0.2497,0.0119,0.0007,1.1485,1.693,0.2533,0.2189,0.0113,0.0009,1.2085,0.2981,0.5263,0.3318,0.551,0.2956,0.5247
166,1.6936,0.248,0.252,0.0119,0.0007,1.181,1.7349,0.253,0.222,0.0113,0.0009,1.2477,0.2966,0.5244,0.3258,0.5493,0.2958,0.5233
167,1.6613,0.2486,0.249,0.0119,0.0009,1.1509,1.6982,0.2539,0.22,0.0113,0.0008,1.2121,0.2981,0.5244,0.3264,0.5483,0.2973,0.5243
168,1.6643,0.248,0.2485,0.0119,0.0006,1.1552,1.696,0.2536,0.2193,0.0113,0.0009,1.2109,0.2954,0.5248,0.3249,0.5486,0.2925,0.5247
169,1.6541,0.2494,0.2494,0.0119,0.0008,1.1426,1.7017,0.2546,0.2188,0.0113,0.0008,1.2162,0.2954,0.5257,0.3285,0.5503,0.2929,0.5257
170,1.6446,0.2489,0.2481,0.012,0.0008,1.1348,1.6784,0.2551,0.2171,0.0113,0.0008,1.194,0.2991,0.5274,0.3317,0.5517,0.2962,0.5271
171,1.6524,0.2496,0.2511,0.012,0.0006,1.139,1.6684,0.2556,0.2181,0.0113,0.0009,1.1824,0.2972,0.5267,0.3302,0.551,0.2946,0.5267
172,1.6556,0.2503,0.2494,0.0119,0.0008,1.1432,1.6701,0.2561,0.2187,0.0113,0.0008,1.1832,0.2896,0.5205,0.3199,0.5437,0.2906,0.5201
173,1.6429,0.251,0.2473,0.0119,0.0008,1.1318,1.6787,0.2549,0.2174,0.0113,0.0008,1.1944,0.2905,0.5209,0.3207,0.5455,0.2909,0.5205
174,1.6375,0.2505,0.2473,0.0119,0.0007,1.1272,1.6758,0.2547,0.2172,0.0113,0.0008,1.1917,0.2905,0.5178,0.3235,0.5413,0.2852,0.5174
175,1.6458,0.2503,0.2485,0.0119,0.0007,1.1342,1.678,0.2552,0.2149,0.0113,0.0008,1.1958,0.2944,0.5219,0.325,0.5458,0.2934,0.5215
176,1.6515,0.2509,0.2483,0.0119,0.001,1.1394,1.6881,0.2547,0.2161,0.0113,0.0006,1.2053,0.296,0.5201,0.3273,0.5434,0.2915,0.5194
177,1.6445,0.2516,0.2494,0.012,0.0008,1.1308,1.6981,0.255,0.2169,0.0113,0.0009,1.2139,0.2902,0.518,0.3232,0.542,0.2874,0.517
178,1.6269,0.2504,0.2494,0.012,0.0009,1.1142,1.7091,0.2548,0.2176,0.0113,0.0009,1.2246,0.2914,0.5181,0.3246,0.5424,0.2879,0.517
179,1.6289,0.2506,0.248,0.012,0.0008,1.1175,1.6679,0.2547,0.2177,0.0113,0.0008,1.1834,0.2931,0.5194,0.3247,0.5441,0.2883,0.5177
180,1.6185,0.251,0.2482,0.012,0.0006,1.1068,1.665,0.2545,0.2182,0.0113,0.0009,1.18,0.2922,0.5189,0.3239,0.5431,0.2874,0.5177
181,1.6159,0.2529,0.2476,0.012,0.0008,1.1027,1.6771,0.255,0.2157,0.0113,0.0009,1.1942,0.2948,0.5219,0.3271,0.5462,0.2923,0.5212
182,1.6277,0.2514,0.2478,0.0119,0.0006,1.116,1.6932,0.2553,0.2171,0.0113,0.0008,1.2086,0.2939,0.5227,0.3254,0.5472,0.2909,0.5219
183,1.6272,0.2515,0.2439,0.0119,0.0007,1.1191,1.6638,0.2552,0.2151,0.0113,0.0008,1.1814,0.2945,0.5228,0.3261,0.5469,0.2923,0.5215
184,1.6246,0.2512,0.2473,0.0119,0.0008,1.1134,1.6751,0.256,0.2119,0.0113,0.0008,1.1951,0.292,0.5222,0.3212,0.5458,0.2912,0.5212
185,1.6178,0.2523,0.2454,0.0119,0.0006,1.1075,1.6616,0.2559,0.2136,0.0113,0.0008,1.1801,0.2901,0.5213,0.3206,0.5451,0.29,0.5201
186,1.625,0.2518,0.2483,0.0119,0.0006,1.1124,1.6541,0.2559,0.2159,0.0113,0.0007,1.1703,0.2946,0.5236,0.3245,0.5483,0.2928,0.5222
187,1.6373,0.2527,0.2448,0.0119,0.0008,1.1271,1.6565,0.256,0.2139,0.0113,0.0006,1.1748,0.294,0.5226,0.3235,0.5465,0.293,0.5212
188,1.6227,0.2527,0.2455,0.012,0.0007,1.1119,1.6625,0.2561,0.2154,0.0113,0.0007,1.1791,0.2955,0.5227,0.3272,0.5476,0.293,0.5208
189,1.6193,0.2519,0.2469,0.0119,0.0008,1.1078,1.6462,0.2565,0.2123,0.0113,0.0007,1.1654,0.2973,0.5216,0.3305,0.5465,0.2902,0.5198
190,1.6028,0.2521,0.2442,0.0119,0.0007,1.0939,1.6636,0.2565,0.2109,0.0113,0.0006,1.1843,0.2985,0.5227,0.3297,0.5465,0.296,0.5208
191,1.6033,0.2513,0.2445,0.0119,0.0006,1.0949,1.6649,0.256,0.2116,0.0113,0.0008,1.1852,0.2983,0.5227,0.3288,0.5465,0.2959,0.5212
192,1.6054,0.2523,0.2432,0.0119,0.0008,1.0971,1.6504,0.2564,0.2122,0.0113,0.0007,1.1698,0.3011,0.527,0.3366,0.5521,0.2962,0.5253
193,1.6009,0.252,0.245,0.0119,0.0006,1.0915,1.6604,0.2559,0.2138,0.0113,0.0007,1.1788,0.2993,0.5266,0.3347,0.5517,0.295,0.525
194,1.6,0.2528,0.2446,0.0119,0.0006,1.0901,1.659,0.2567,0.2131,0.0113,0.0008,1.1771,0.3005,0.5266,0.3366,0.5521,0.2959,0.5253
195,1.5982,0.2517,0.2448,0.0119,0.0007,1.0891,1.6528,0.2568,0.2122,0.0113,0.0008,1.1718,0.2998,0.5241,0.331,0.549,0.2963,0.5233
196,1.6087,0.2514,0.2468,0.0119,0.0007,1.0978,1.6692,0.2574,0.2134,0.0113,0.0008,1.1863,0.2994,0.5232,0.3317,0.5486,0.2965,0.5222
197,1.5909,0.2518,0.245,0.0119,0.0008,1.0814,1.6603,0.2573,0.2118,0.0113,0.0008,1.1792,0.2978,0.5232,0.3306,0.549,0.2947,0.5222
198,1.6147,0.251,0.2442,0.0119,0.0007,1.1069,1.651,0.2556,0.2131,0.0113,0.0008,1.1702,0.2987,0.5249,0.3355,0.5503,0.2944,0.524
